<?xml version="1.0" encoding="UTF-8" ?>
<module>
	<name>myloanconnector</name>
	<displayName><![CDATA[Home Credit MyLoan]]></displayName>
	<version><![CDATA[1.0.2]]></version>
	<description><![CDATA[Home Credit MyLoan integrace]]></description>
	<author><![CDATA[HN Consulting Brno, s.r.o.]]></author>
	<tab><![CDATA[payments_gateways]]></tab>
	<confirmUninstall><![CDATA[Opravdu chcete odinstalovat modul?]]></confirmUninstall>
	<is_configurable>1</is_configurable>
	<need_instance>0</need_instance>
	<limited_countries></limited_countries>
</module>